frame,numActive,speedActive,speedAll,distAll,distActive,distQueen,distClosest,queenCount,numForager,queenArea
3,0,0,0.929182,15.493269,NaN,8.494804,6.137469,9,0,4061
8,0,0,0.725507,15.537767,NaN,8.530411,6.191294,9,0,4063
13,0,0,0.803565,15.596896,NaN,8.585574,6.245859,9,0,4067
18,1,6.627289,1.089203,15.705076,NaN,8.673706,6.325945,9,0,4100
23,1,6.511636,0.862351,15.677074,NaN,8.685415,6.359128,9,0,4115
28,1,11.205927,1.787313,15.514593,NaN,8.620275,6.331727,9,0,4125
33,1,6.573409,1.127443,15.307821,NaN,8.524912,6.26259,9,0,4183
38,0,0,0.874064,15.477265,NaN,8.660618,6.100758,9,0,4176
43,2,9.201333,1.586104,15.771153,50.684342,8.853685,5.875786,9,0,4119
48,2,8.285089,1.517414,15.765384,48.57451,8.866335,5.740212,9,0,4118
53,2,10.339054,2.05361,15.613692,46.514172,8.808063,5.359671,9,0,4163
58,1,7.992044,1.244297,15.704536,NaN,8.901627,4.848061,9,0,4171
63,1,11.163665,1.288805,15.924959,NaN,9.048205,4.922286,9,0,4234
68,2,10.112145,1.668218,15.806864,37.523809,8.993187,5.012233,9,0,4249
73,2,9.9596,1.63078,15.662261,34.08086,8.90284,5.307244,9,0,4263
78,1,14.694418,1.832333,15.146979,NaN,8.618159,5.186437,9,0,4347
83,1,10.04156,1.255752,14.643467,NaN,8.334019,5.0617,9,0,4334
88,2,13.056774,2.239573,13.983369,28.154489,7.96897,5.043117,9,0,4334
93,2,12.708216,2.261558,13.199948,22.80964,7.543131,5.050989,9,0,4368
98,2,14.737855,2.49189,12.347209,16.322567,7.095293,4.906135,9,0,4369
103,3,12.888932,4.007844,11.275588,21.697447,6.473664,4.132136,9,0,4091
108,2,10.575835,2.077205,11.084362,17.362074,6.385426,4.704336,9,0,4043
113,1,7.978099,1.279661,10.61639,NaN,6.052091,4.678717,9,0,4043
118,2,15.552466,2.595103,9.78481,22.263565,5.573001,4.019395,9,0,4027
123,1,18.610105,1.7764,8.907701,NaN,5.107074,3.364252,9,0,4015
128,1,15.814227,2.032173,7.925477,NaN,4.544228,2.920364,9,0,4022
133,1,12.354343,1.239628,7.462693,NaN,4.281625,2.737563,9,0,4014
138,2,7.219276,1.609422,7.421873,7.199084,4.46419,2.603286,8,0,3967
143,1,7.005103,1.13196,7.502688,NaN,4.544882,2.741779,8,0,3974
148,2,7.668198,1.481732,7.647899,7.627425,4.652753,2.491405,8,0,3963
153,1,5.471609,1.464579,7.771538,NaN,4.718223,2.427018,8,0,3983
158,1,6.891719,1.060468,7.860316,NaN,4.746473,2.541458,8,0,3981
163,1,6.130372,1.021721,7.750509,NaN,4.635191,2.468799,8,0,3991
168,1,5.473653,1.045547,7.333867,NaN,4.36368,2.488293,8,0,3981
173,0,0,1.052842,7.152246,NaN,4.231146,2.463602,8,0,3961
178,1,8.857364,1.932921,7.127009,NaN,4.135088,2.631804,8,0,3978
183,1,6.365299,0.995108,7.122287,NaN,4.129167,2.626228,8,0,4019
188,2,7.256073,1.352061,7.568423,10.680447,4.419168,2.876431,8,0,3995
193,2,7.540155,2.634825,7.743599,8.006009,4.551412,2.590886,8,0,4016
198,2,14.118658,3.009845,7.579771,8.047944,4.378825,2.891174,9,0,4286
203,2,15.290494,3.86904,8.578275,8.242102,5.196404,2.963434,8,0,4063
208,3,12.331443,3.652237,8.827096,16.220679,5.293078,2.547223,8,0,4078
213,2,5.3307,1.687041,8.82025,25.358179,5.262196,2.251911,8,0,4085
218,1,11.680907,1.482091,8.399188,NaN,4.849051,2.811467,9,0,4331
223,1,12.144374,1.535989,9.300548,NaN,5.343825,3.537489,9,0,4273
228,3,10.000706,2.89528,9.021683,20.254916,5.16475,3.434237,9,0,4322
233,1,16.749431,1.637096,9.038659,NaN,5.175799,3.997177,9,0,4311
238,2,16.393217,2.623064,8.54872,9.455088,4.913354,3.210484,9,0,4291
243,2,18.226325,2.996465,9.121665,11.749329,5.182471,3.410792,9,0,4320
248,2,10.47284,2.05904,9.301444,31.203139,5.256533,3.512732,9,0,4345
253,3,11.354239,3.760498,9.192348,25.968321,5.0337,3.994723,10,0,4590
258,1,6.146005,1.520678,9.256348,NaN,5.142185,3.720992,9,0,4388
263,2,12.691601,3.121265,9.696221,33.661877,5.449202,3.954685,8,0,4144
268,1,5.508135,0.94783,9.402561,NaN,5.062413,4.149369,9,0,4441
273,1,7.315093,3.116034,10.061464,NaN,5.605149,4.226698,8,0,4152
278,1,21.334775,4.736774,10.299008,NaN,5.550567,4.497413,9,0,4409
283,1,14.390853,2.079807,11.046506,NaN,6.093494,4.653887,8,0,4144
288,1,11.904643,1.789148,10.80812,NaN,5.695091,4.906116,10,0,4605
293,1,11.132108,1.486208,11.514164,NaN,6.160349,5.153213,9,0,4414
298,1,11.887745,2.425361,11.451894,NaN,6.017426,5.268467,10,0,4664
303,1,7.766413,2.546109,11.764045,NaN,6.185631,5.059422,10,0,4412
308,1,13.696928,1.403289,12.267176,NaN,6.447919,5.318472,10,0,4431
313,1,13.08026,2.019789,12.64431,NaN,6.654401,5.461538,10,0,4430
318,1,13.317687,1.833659,13.46933,NaN,7.192015,6.077402,9,0,4322
323,1,10.59404,1.653294,12.937393,NaN,6.821689,5.876085,10,0,4576
328,2,11.733819,3.046078,12.925381,62.092676,6.828555,5.852042,10,0,4562
333,2,11.563032,4.091322,13.449052,64.18822,7.237257,5.906443,9,0,4218
338,1,5.159397,1.919814,13.603809,NaN,7.30434,5.898299,9,0,4213
343,0,0,0.498384,13.304178,NaN,7.002824,5.952193,10,0,4559
348,0,0,1.343714,13.85699,NaN,7.443147,6.008017,9,0,4246
353,0,0,2.255081,14.097446,NaN,7.582311,6.148183,9,0,4244
358,2,6.122237,1.849846,13.834842,66.052922,7.309907,6.107254,10,0,4521
363,2,6.383792,1.038379,14.260804,63.294248,7.55988,6.387328,10,0,4485
368,1,10.803504,1.230122,14.629884,NaN,7.770724,6.536458,10,0,4540
373,1,6.889348,1.319149,15.211274,NaN,8.232949,6.279985,9,0,4268
378,0,0,1.325078,15.348768,NaN,8.308037,6.338802,9,0,4223
383,0,0,1.045869,15.600118,NaN,8.465235,6.309225,9,0,4203
388,2,6.723015,1.592839,15.59712,58.585428,8.339449,6.737698,10,0,4470
393,1,5.332951,1.636535,16.080975,NaN,8.732306,6.279147,9,0,4193
398,0,0,1.387877,16.252525,NaN,8.845256,6.292093,9,0,4203
403,0,0,2.394528,16.43621,NaN,8.970308,6.641091,9,0,4220
408,0,0,1.953348,16.63038,NaN,9.106002,6.669282,9,0,4226
413,0,0,1.361739,16.647528,NaN,9.116486,6.653215,9,0,4290
418,0,0,0.994049,16.708442,NaN,9.152757,6.666066,9,0,4310
423,1,6.684832,2.124278,14.151274,NaN,7.392704,6.370722,10,0,4280
428,2,7.131841,1.881028,14.028796,66.378612,7.253659,5.833655,11,0,4656
433,1,7.627888,1.530431,14.25912,NaN,7.389571,5.811352,11,0,4589
438,0,0,0.253363,3.702242,NaN,1.948477,1.974032,11,0,4325
443,0,0,0.333836,3.668455,NaN,1.931996,1.952866,11,0,4224
448,0,0,0.525871,3.737861,NaN,1.966663,1.989773,11,0,4276
453,1,10.774896,1.832181,14.645333,NaN,7.722852,6.382839,10,0,4198
458,0,0,0.722386,17.09251,NaN,9.563381,5.269866,9,0,4114
463,0,0,0.716754,17.017922,NaN,9.525116,5.144523,9,0,4126
468,0,0,0.878033,14.810953,NaN,7.835331,6.290242,10,0,4121
473,1,5.424674,1.638073,16.284229,NaN,8.93686,5.722316,10,0,4342
478,1,6.398111,1.95519,16.119042,NaN,8.82708,5.765281,10,0,4333
483,0,0,1.033232,16.060262,NaN,8.762535,5.909725,10,0,4322
488,0,0,0.414548,16.481166,NaN,9.122174,5.86443,9,0,4147
493,0,0,0.406107,16.54302,NaN,9.156733,5.899985,9,0,4073
498,0,0,0.437085,16.484057,NaN,9.133818,5.831108,9,0,4035
503,0,0,0.807167,16.436909,NaN,9.115534,5.802281,9,0,4008
508,0,0,0.509656,16.350967,NaN,9.069271,5.769651,9,0,4002
513,0,0,0.735851,16.412866,NaN,9.107865,5.828661,9,0,3997
518,0,0,0.77132,16.418969,NaN,9.108497,5.950934,9,0,3992
523,1,11.054296,1.730503,16.577539,NaN,9.347623,5.900885,8,0,3702
528,1,5.725084,1.396577,16.147793,NaN,9.044767,5.849482,8,0,3722
533,0,0,1.502294,15.79942,NaN,8.675672,6.092284,9,0,3989
538,1,6.822023,1.090757,15.80947,NaN,8.669831,6.046403,9,0,3996
543,1,5.658408,0.904638,15.965137,NaN,8.759575,6.019581,9,0,4024
548,1,5.915837,0.74503,16.180243,NaN,8.884546,6.004943,9,0,4012
553,0,0,2.212776,16.330268,NaN,8.974101,5.945686,9,0,3986
558,0,0,0.859928,16.123773,NaN,8.85838,5.891261,9,0,3984
563,1,7.984352,1.367595,16.263502,NaN,9.122074,5.771343,8,0,3715
568,0,0,1.082721,16.021038,NaN,8.790878,5.872909,9,0,4008
573,1,6.089725,0.807093,15.781424,NaN,8.653598,5.844193,9,0,3987
578,1,5.763727,1.425118,15.505393,NaN,8.492189,5.866244,9,0,4012
583,0,0,1.057227,15.427486,NaN,8.469004,5.9605,9,0,3984
588,1,5.956829,0.712938,14.870842,NaN,8.01748,6.088658,10,0,4169
593,1,8.987199,1.157213,14.446109,NaN,7.769866,6.015764,10,0,4251
598,0,0,0.975832,14.279446,NaN,7.684505,5.818556,10,0,4217
603,1,6.58163,1.175234,14.203699,NaN,7.649213,5.571321,10,0,4013
608,2,8.065958,1.459253,13.875838,6.445271,7.46137,5.505854,10,0,4025
613,1,13.441589,1.716678,14.190302,NaN,7.69877,5.049254,10,0,3973
618,0,0,1.016922,14.586106,NaN,8.047757,5.154135,9,0,3736
623,0,0,0.652578,14.451629,NaN,7.859826,5.159854,10,0,4017
628,0,0,1.198911,14.472697,NaN,7.879788,5.145382,10,0,4021
633,0,0,0.718701,14.331548,NaN,7.795881,5.169383,10,0,4017
638,0,0,0.428116,14.284041,NaN,7.769831,5.193699,10,0,4032
643,0,0,0.849842,14.617203,NaN,8.085805,5.801002,9,0,4044
648,0,0,0.492732,13.038566,NaN,6.906908,5.234981,10,0,3721
653,1,8.874867,1.421841,13.343465,NaN,7.251296,4.932611,9,0,3724
658,1,6.079817,0.699466,12.83264,NaN,6.810332,5.157728,10,0,3714
663,0,0,1.689789,12.769253,NaN,6.776877,5.152347,10,0,3722
668,1,10.652234,1.724453,12.570025,NaN,6.6698,5.767223,10,0,3964
673,1,9.390817,1.635428,12.701484,NaN,6.859064,5.41988,9,0,3721
678,0,0,1.074064,14.249388,NaN,8.041327,5.540754,8,0,3711
683,1,5.025986,0.761194,14.071193,NaN,7.926218,5.545432,8,0,3712
688,0,0,0.75921,13.76748,NaN,7.745134,5.565604,8,0,3713
693,0,0,0.613133,13.798668,NaN,7.754576,5.580475,8,0,3723
698,0,0,0.766487,13.680468,NaN,7.674754,5.377307,8,0,3714
703,0,0,0.825815,13.550896,NaN,7.579509,5.225427,8,0,3726
708,0,0,0.733827,13.362098,NaN,7.48761,5.167966,8,0,3718
713,1,5.454068,0.779834,13.17213,NaN,7.375251,5.189644,8,0,3721
718,0,0,0.95736,13.045644,NaN,7.311423,5.229371,8,0,3712
723,1,5.441291,0.748448,12.822038,NaN,7.18308,5.183637,8,0,3720
728,0,0,1.131598,12.6129,NaN,7.049603,5.170469,8,0,3716
733,0,0,0.424209,12.5176,NaN,6.975977,5.223028,8,0,3724
738,0,0,0.351431,12.51076,NaN,6.971513,5.242233,8,0,3712
743,0,0,0.336538,12.490567,NaN,6.957998,5.268161,8,0,3702
748,0,0,0.373131,12.503376,NaN,6.968741,5.271338,8,0,3710
753,0,0,0.763005,12.51482,NaN,6.987594,5.279142,8,0,3721
758,0,0,0.523036,12.475792,NaN,6.978346,5.279905,8,0,3728
763,0,0,0.789741,12.1809,NaN,6.611077,5.255291,9,0,3714
768,0,0,0.705833,12.260692,NaN,6.664616,5.248551,9,0,3705
773,0,0,2.67313,11.723838,NaN,6.190603,5.070196,10,0,4246
778,0,0,2.063109,11.632586,NaN,6.138287,5.030776,10,0,4257
783,0,0,0.417339,11.471435,NaN,6.050394,4.968783,10,0,4338
788,0,0,0.578554,10.620146,NaN,5.4506,5.454805,11,0,4406
793,0,0,0.377948,10.506828,NaN,5.386665,5.462529,11,0,4386
798,0,0,0.476776,10.382043,NaN,5.323397,5.404667,11,0,4321
803,0,0,0.601665,10.294485,NaN,5.276482,5.382758,11,0,4298
808,0,0,0.372298,9.404584,NaN,4.746972,4.653677,12,0,4346
813,0,0,1.712749,10.165496,NaN,5.211493,5.296777,11,0,4281
818,0,0,1.525892,9.402034,NaN,4.745783,4.581071,12,0,4304
823,0,0,1.577829,9.386954,NaN,4.738149,4.578848,12,0,4266
828,0,0,1.794758,10.657635,NaN,5.565608,4.879703,10,0,4010
833,1,5.074542,0.96763,11.045217,NaN,5.893191,4.927605,9,0,3743
838,0,0,0.856847,10.163086,NaN,5.194246,4.725159,11,0,4005
843,0,0,0.757698,10.215327,NaN,5.22436,4.479081,11,0,3749
848,0,0,0.866061,10.654099,NaN,5.540604,4.766332,10,0,3751
853,0,0,1.260563,11.065444,NaN,5.738551,5.041783,10,0,3977
858,1,5.666952,1.837385,11.213367,NaN,5.807849,5.13638,10,0,3988
863,0,0,0.595204,11.403044,NaN,5.89614,5.245016,10,0,3977
868,1,5.763548,1.994523,11.263652,NaN,5.865807,5.118176,10,0,4235
873,0,0,2.942087,10.753544,NaN,5.482981,5.651477,11,0,4547
878,0,0,2.103775,11.150412,NaN,5.777381,5.269568,10,0,4332
883,0,0,0.249841,10.171306,NaN,5.130552,5.082961,12,0,4625
888,0,0,1.10762,10.594321,NaN,5.400643,5.09938,11,0,4276
893,0,0,0.754636,10.583615,NaN,5.396178,5.093395,11,0,4278
898,0,0,0.489133,10.59347,NaN,5.402747,5.079172,11,0,4231
903,0,0,1.799388,11.232717,NaN,5.830584,5.306115,10,0,4265
908,0,0,2.051334,10.846193,NaN,5.539709,5.693715,11,0,4468
913,0,0,0.344045,11.273302,NaN,5.861727,5.25906,10,0,4221
918,0,0,0.315423,11.255861,NaN,5.850185,5.23585,10,0,4252
923,0,0,0.705989,10.839542,NaN,5.539212,5.669508,11,0,4504
928,0,0,1.419936,10.843277,NaN,5.540944,5.676619,11,0,4512
933,0,0,1.567563,10.831652,NaN,5.535015,5.670322,11,0,4523
938,0,0,0.655274,10.853239,NaN,5.545274,5.679779,11,0,4513
943,0,0,0.878033,11.310011,NaN,5.87707,5.289837,10,0,4251
948,0,0,0.345559,11.383757,NaN,5.914361,5.340859,10,0,4250
953,0,0,0.873119,11.478228,NaN,5.960375,5.411111,10,0,4287
958,0,0,0.340433,11.511155,NaN,5.974195,5.434467,10,0,4240
963,0,0,0.392454,11.536224,NaN,5.986059,5.432615,10,0,4236
968,0,0,0.558633,11.620099,NaN,6.034193,5.443898,10,0,4216
973,0,0,0.497429,11.694158,NaN,6.083737,5.482444,10,0,4208
978,0,0,1.001761,11.740958,NaN,6.108976,5.46871,10,0,4231
983,0,0,0.393594,11.706566,NaN,6.095476,5.394155,10,0,4217
988,0,0,0.566242,11.626256,NaN,6.058446,5.377202,10,0,4204
993,1,8.371423,1.019714,11.529709,NaN,6.012754,5.294923,10,0,4209
998,0,0,0.448884,11.431395,NaN,5.965212,5.249029,10,0,4222
1003,0,0,0.822156,11.242315,NaN,5.868688,5.182226,10,0,4223
1008,0,0,0.396505,11.135966,NaN,5.810267,5.187537,10,0,4220
1013,1,5.020679,2.122873,11.154343,NaN,5.834464,5.165666,10,0,4225
1018,0,0,2.149784,11.116214,NaN,5.834879,5.121107,10,0,4245
1023,0,0,0.784642,11.02091,NaN,5.782899,5.098121,10,0,4266
1028,1,7.237566,2.001179,11.007019,NaN,5.790841,4.632,10,0,4029
1033,0,0,2.9197,11.217157,NaN,6.030067,4.801589,9,0,4023
1038,0,0,4.081374,10.28132,NaN,5.349579,4.222044,11,0,4540
1043,0,0,2.112022,10.56975,NaN,5.594303,4.553971,10,0,4200
1048,2,8.297046,2.137491,10.843852,9.990174,5.732903,4.835852,10,0,4246
1053,1,5.480237,2.200965,11.361419,NaN,6.162359,4.763126,9,0,3965
1058,1,7.269586,1.715234,11.079822,NaN,5.877294,4.465585,10,0,3948
1063,1,5.167254,0.875524,11.240098,NaN,5.984512,4.422311,10,0,3960
1068,1,6.354268,0.952311,11.393927,NaN,6.078707,4.439263,10,0,3948
1073,0,0,0.66487,11.575387,NaN,6.190885,4.423969,10,0,3975
1078,0,0,1.127625,11.712392,NaN,6.265869,4.452896,10,0,3997
1083,0,0,1.662314,11.700176,NaN,6.270508,4.399118,10,0,4024
1088,0,0,1.347517,11.898154,NaN,6.415773,4.869269,10,0,4218
1093,1,7.197556,1.10369,11.869279,NaN,6.420561,4.701221,10,0,4230
1098,1,7.367492,1.181005,11.983952,NaN,6.511193,4.506343,10,0,4244
1103,0,0,1.126588,11.991945,NaN,6.537038,4.353084,10,0,4256
1108,0,0,0.831909,11.407472,NaN,6.115985,3.744661,11,0,4246
1113,0,0,0.602093,11.315478,NaN,6.075187,3.527364,11,0,4278
1118,0,0,0.43553,11.251361,NaN,6.04375,3.456153,11,0,4245
1123,0,0,0.887522,11.980329,NaN,6.606383,3.525013,10,0,4192
1128,1,7.396811,1.633851,12.374314,NaN,6.878975,3.182738,10,0,4229
1133,1,5.650411,0.916051,12.239218,NaN,6.680155,2.962856,11,0,4237
1138,0,0,0.532269,12.458796,NaN,6.819583,2.897232,11,0,4270
1143,0,0,0.650823,12.401227,NaN,6.795277,2.971187,11,0,4257
1148,1,7.260912,0.978859,12.449308,NaN,6.831462,3.210099,11,0,4216
1153,0,0,1.339111,12.519581,NaN,6.906397,3.398574,11,0,4211
1158,0,0,0.809512,13.03017,NaN,7.333962,4.19869,10,0,4187
1163,0,0,0.959946,13.072233,NaN,7.352686,4.328144,10,0,4214
1168,1,5.976318,0.920521,12.894748,NaN,7.255809,4.347562,10,0,4236
1173,1,6.331882,1.176435,12.719106,NaN,7.15743,4.263549,10,0,4203
1178,0,0,2.038014,12.453538,NaN,7.01507,4.032859,10,0,4246
1183,0,0,0.51187,11.846363,NaN,6.556669,2.95177,11,0,4461
1188,0,0,1.112023,11.767553,NaN,6.514321,2.937851,11,0,4463
1193,0,0,1.219887,11.694904,NaN,6.472506,2.944845,11,0,4492
1198,1,5.326826,0.882735,11.651888,NaN,6.456948,2.847507,11,0,4592
1203,1,5.769767,1.375089,9.722724,NaN,5.164695,4.465951,11,0,4273
1208,1,7.045064,0.942788,10.042025,NaN,5.358286,4.661268,11,0,4213
1213,0,0,0.484661,9.902668,NaN,5.287663,4.568288,11,0,4207
1218,0,0,0.517173,9.709976,NaN,5.187345,4.483989,11,0,4168
1223,0,0,0.509555,9.53172,NaN,5.093848,4.402586,11,0,4158
1228,0,0,1.103346,9.366998,NaN,5.014491,4.284083,11,0,4189
1233,1,5.141524,1.145675,11.443442,NaN,6.5898,3.01173,10,0,4176
1238,0,0,0.588965,9.130515,NaN,4.903934,4.085667,11,0,4171
1243,0,0,0.74508,11.082419,NaN,6.397767,2.859718,10,0,4187
1248,1,6.204354,1.018678,10.73344,NaN,6.211133,2.746028,10,0,4215
1253,1,6.631088,1.569487,10.420445,NaN,6.037683,2.710714,10,0,4185
1258,2,7.91492,1.499649,9.942907,17.87778,5.769344,2.636354,10,0,4198
1263,2,9.355978,1.623551,9.41173,16.989973,5.470144,2.604266,10,0,4166
1268,1,6.64602,1.200316,9.206643,NaN,5.341652,2.059821,10,0,4175
1273,1,6.577294,1.025297,9.03449,NaN,5.242511,1.616492,10,0,4141
1278,0,0,1.239574,9.079123,NaN,5.270411,1.19193,10,0,4140
1283,0,0,0.411451,9.049272,NaN,5.243252,1.132523,10,0,4110
1288,0,0,0.795419,8.965819,NaN,5.189092,1.232979,10,0,4141
1293,0,0,0.543715,8.793845,NaN,5.086446,1.325412,10,0,4216
1298,0,0,0.765751,9.237918,NaN,5.384571,1.698556,9,0,4024
1303,0,0,0.837852,9.174134,NaN,5.350559,1.592175,9,0,3972
1308,0,0,0.759269,8.556043,NaN,4.962023,1.003929,10,0,4134
1313,0,0,0.389317,8.493137,NaN,4.926369,0.904877,10,0,4137
1318,0,0,0.440543,8.428509,NaN,4.884617,0.797313,10,0,4130
1323,0,0,0.848022,8.22138,NaN,4.759274,0.722601,10,0,4178
1328,0,0,1.300833,7.921374,NaN,4.578725,0.667007,10,0,4203
1333,0,0,0.342919,7.847088,NaN,4.531032,0.631318,10,0,4205
1338,0,0,0.756214,7.793967,NaN,4.48672,0.648184,10,0,4221
1343,1,7.038953,1.111661,7.43754,NaN,4.256065,0.986135,10,0,4203
1348,1,6.045498,0.85837,7.159537,NaN,4.06574,1.464905,10,0,4224
1353,1,5.489503,1.378374,6.980124,NaN,3.945401,1.773572,10,0,4232
1358,1,7.907207,0.88297,6.669418,NaN,3.761333,1.948012,10,0,4237
1363,1,7.391611,1.096391,6.276413,NaN,3.546357,1.857728,10,0,4247
1368,1,5.052138,0.710364,5.790867,NaN,3.28416,1.714952,10,0,4279
1373,0,0,0.355646,5.718559,NaN,3.25374,1.65746,10,0,4288
1378,0,0,1.059717,5.807558,NaN,3.306031,1.692706,10,0,4269
1383,1,6.968664,1.316794,5.583009,NaN,3.045719,1.743237,11,0,4505
1388,1,7.013151,1.95221,6.319598,NaN,3.56147,1.96012,10,0,4276
1393,1,6.015073,0.7038,6.727762,NaN,3.765236,2.177791,10,0,4290
1398,1,7.340317,0.779862,6.56462,NaN,3.685869,2.090172,10,0,4334
1403,1,15.438428,1.853643,6.727514,NaN,3.746882,2.198873,10,0,4276
1408,1,9.451395,1.977885,6.393885,NaN,3.426832,2.318081,11,0,4507
1413,1,17.232114,2.265296,6.083941,NaN,3.256512,2.179702,11,0,4501
1418,1,10.524975,1.74636,6.028664,NaN,3.338511,2.183145,10,0,4273
1423,1,9.90148,2.237904,6.253174,NaN,3.467744,2.185435,10,0,4203
1428,1,9.072326,1.830855,6.900637,NaN,3.804759,2.5283,10,0,4228
1433,2,7.187064,1.658068,6.829836,26.851676,3.647315,2.364335,11,0,4444
1438,1,6.163631,1.022113,7.044805,NaN,3.772157,2.518073,11,0,4502
1443,0,0,0.87409,7.122918,NaN,3.821864,2.530435,11,0,4495
1448,1,6.943947,0.989972,6.931934,NaN,3.72708,2.306187,11,0,4539
1453,1,15.280988,2.917191,6.648635,NaN,3.57741,2.204368,11,0,4471
1458,1,12.166148,2.509851,7.076839,NaN,3.922934,2.461399,10,0,4259
1463,1,6.252049,2.442295,7.169744,NaN,3.948722,2.520188,10,0,4232
1468,0,0,1.835787,6.464296,NaN,3.434176,2.361722,11,0,4509
1473,2,6.376973,1.075219,5.516947,25.865008,2.834388,3.695001,12,0,4465
1478,0,0,1.240947,5.614979,NaN,2.892573,1.95796,12,0,4468
1483,0,0,0.299479,5.571225,NaN,2.866775,1.998887,12,0,4494
1488,0,0,0.997851,6.107638,NaN,3.251226,2.292995,11,0,4511
1493,0,0,0.920686,5.429149,NaN,2.789366,3.634148,12,0,4742
1498,0,0,0.545658,6.014647,NaN,3.180024,2.553364,11,0,4486
1503,0,0,1.009845,5.920455,NaN,3.115847,2.618256,11,0,4480
1508,0,0,0.422676,5.863821,NaN,3.07591,2.69432,11,0,4499
1513,0,0,0.540108,5.871968,NaN,3.075748,2.743243,11,0,4500
1518,0,0,0.408991,5.871384,NaN,3.066812,2.826849,11,0,4519
1523,0,0,0.300903,5.855776,NaN,3.053423,2.875646,11,0,4537
1528,0,0,0.82924,5.850688,NaN,3.050743,2.916882,11,0,4524
1533,0,0,0.283321,5.849234,NaN,3.051663,2.946017,11,0,4538
1538,0,0,2.096847,5.802132,NaN,3.021986,2.970067,11,0,4517
1543,1,5.699286,0.821282,5.652204,NaN,2.939767,3.006414,11,0,4497
1548,1,8.554634,1.712739,5.280899,NaN,2.749229,2.832632,11,0,4501
1553,1,6.5197,1.32327,4.176005,NaN,2.150732,2.670494,12,0,4788
1558,1,6.526981,1.761005,4.704425,NaN,2.464994,2.506374,11,0,4469
1563,1,7.002747,0.842805,4.413943,NaN,2.325521,2.360916,11,0,4460
1568,1,5.788925,0.74699,4.256536,NaN,2.246063,2.336662,11,0,4460
1573,0,0,0.493879,4.120118,NaN,2.176153,2.334767,11,0,4469
1578,0,0,1.00861,4.192712,NaN,2.209656,2.431743,11,0,4454
1583,0,0,0.351518,4.216752,NaN,2.221092,2.438,11,0,4453
1588,0,0,0.554479,4.239189,NaN,2.236581,2.415468,11,0,4457
1593,1,5.659589,0.806017,4.361467,NaN,2.303183,2.417708,11,0,4505
1598,0,0,0.745452,4.589554,NaN,2.422219,2.483057,11,0,4648
1603,0,0,0.936222,4.698945,NaN,2.482442,2.519781,11,0,4681
1608,1,5.980608,0.671867,5.012096,NaN,2.643594,2.686563,11,0,4717
1613,1,10.607532,1.11459,4.837025,NaN,2.554289,2.499198,11,0,4743
1618,1,6.479707,1.160081,4.357136,NaN,2.305936,1.970328,11,0,4672
1623,1,5.152047,0.96167,4.340619,NaN,2.306269,1.876002,11,0,4715
1628,1,8.696916,2.059754,4.425844,NaN,2.34492,1.883836,11,0,4779
1633,2,7.679777,1.388461,4.631619,19.059831,2.437661,1.958991,11,0,4811
1638,2,8.446664,1.471187,5.165521,22.904438,2.716268,2.150421,11,0,4829
1643,1,7.490417,1.221845,5.716406,NaN,2.992664,2.43705,11,0,4707
1648,1,9.662503,1.180528,5.99253,NaN,3.1445,2.700624,11,0,4719
1653,1,5.671937,2.329833,6.156274,NaN,3.232001,2.934556,11,0,4832
1658,1,10.164666,1.841189,6.400563,NaN,3.371911,3.220665,11,0,4895
1663,1,14.236093,2.954622,7.111644,NaN,3.738358,4.011745,11,0,4871
1668,2,9.306315,2.547723,8.704631,30.995096,4.814756,3.725299,9,0,4323
1673,1,9.896343,1.554124,8.830016,NaN,4.730055,4.256561,10,0,4582
1678,1,9.156267,1.428809,9.244071,NaN,4.967673,4.08461,10,0,4615
1683,1,9.716769,1.36213,9.619436,NaN,5.165071,4.178233,10,0,4593
1688,1,6.492111,1.563529,9.542447,NaN,5.018502,5.108228,11,0,4813
1693,1,6.625696,1.626552,6.923928,NaN,3.497178,6.078803,12,0,4888
1698,0,0,0.810733,7.451099,NaN,3.833763,3.406142,11,0,4672
1703,1,8.712379,1.35163,7.649931,NaN,3.934842,3.494491,11,0,4643
1708,1,11.625952,1.078422,8.131761,NaN,4.178573,3.720499,11,0,4641
1713,1,9.625834,1.015072,8.470617,NaN,4.349724,3.896853,11,0,4652
1718,1,9.457238,2.008989,9.052746,NaN,4.627453,5.098576,11,0,4530
1723,1,7.306042,0.898085,9.509943,NaN,4.854832,5.35588,11,0,4537
1728,1,6.752474,1.940781,9.606044,NaN,4.898214,5.436164,11,0,4548
1733,1,10.300973,1.045787,9.89327,NaN,5.041813,5.598053,11,0,4500
1738,0,0,0.534961,10.057442,NaN,5.125655,5.659777,11,0,4522
1743,0,0,0.537693,10.058814,NaN,5.132361,5.585329,11,0,4549
1748,0,0,1.53566,10.087268,NaN,5.151977,5.561701,11,0,4471
1753,1,9.936198,3.650253,12.158436,NaN,6.383016,5.719256,11,0,4814
1758,1,10.143018,1.118062,12.458828,NaN,6.535036,5.855754,11,0,4791
1763,2,13.700089,3.322588,13.140945,61.270845,6.996883,5.638724,10,0,4480
1768,1,5.27871,1.1301,13.145609,NaN,6.99719,5.479855,10,0,4571
1773,1,7.990566,1.701653,12.646587,NaN,6.613518,6.2348,11,0,4787
1778,1,13.907209,3.340096,13.164477,NaN,6.898589,6.185994,11,0,4799
1783,1,9.879363,1.031722,12.973981,NaN,6.696818,5.128746,12,0,4511
1788,0,0,0.614921,13.578532,NaN,7.108348,5.344632,11,0,4535
1793,0,0,0.283462,13.444755,NaN,7.034301,5.306608,11,0,4500
1798,0,0,0.457256,13.452122,NaN,7.039131,5.327503,11,0,4546
1803,0,0,0.751484,13.956948,NaN,7.431943,5.553596,10,0,4523
1808,0,0,0.648273,14.055561,NaN,7.48103,5.614293,10,0,4530
1813,1,5.362855,0.707898,14.16011,NaN,7.527588,5.657048,10,0,4508
1818,1,6.204681,2.938785,14.290471,NaN,7.596937,5.696378,10,0,4491
1823,0,0,1.247664,14.387783,NaN,7.648473,5.744806,10,0,4501
1828,0,0,1.195096,14.418282,NaN,7.664638,5.763026,10,0,4547
1833,0,0,0.746408,14.487532,NaN,7.706339,5.782141,10,0,4611
1838,0,0,0.571546,12.30282,NaN,6.300649,5.601259,11,0,4616
1843,0,0,0.602395,12.409487,NaN,6.362144,5.599072,11,0,4601
1848,0,0,0.496776,12.446614,NaN,6.384049,5.60722,11,0,4587
1853,0,0,1.326367,14.678459,NaN,7.825937,5.746202,10,0,4614
1858,1,6.495396,0.823542,14.895602,NaN,7.958816,5.74884,10,0,4594
1863,0,0,0.646639,15.100939,NaN,8.080769,5.752296,10,0,4567
1868,0,0,0.535028,15.13765,NaN,8.099277,5.754329,10,0,4569
1873,1,6.266029,0.676428,15.313019,NaN,8.203245,5.752202,10,0,4576
1878,1,6.049564,2.373236,15.545544,NaN,8.338946,5.766244,10,0,4545
1883,0,0,1.396165,15.897734,NaN,8.42874,7.033105,10,0,4491
1888,1,6.572655,1.00111,16.446196,NaN,8.88561,6.434849,9,0,4282
1893,1,13.57579,1.682243,16.950534,NaN,9.176555,6.481725,9,0,4243
1898,1,6.577888,0.952563,17.481803,NaN,9.502035,6.519134,9,0,4219
1903,1,10.160413,1.963601,16.562031,NaN,8.734807,6.324958,11,0,4493
1908,0,0,2.32536,16.838463,NaN,8.903457,6.360939,11,0,4486
1913,1,5.420094,1.562038,16.751736,NaN,8.846681,6.388598,11,0,4468
1918,0,0,0.875423,17.069189,NaN,9.109935,7.148507,10,0,4493
1923,1,6.023126,0.871955,17.069741,NaN,9.087146,7.152882,10,0,4486
1928,0,0,1.153756,17.094389,NaN,9.095399,7.167883,10,0,4521
1933,0,0,2.520114,12.318613,NaN,6.19834,11.381798,12,0,4819
1938,1,6.080522,1.701057,13.476201,NaN,6.941614,6.342198,10,0,4259
1943,1,5.880973,1.610117,13.467501,NaN,6.936594,6.375826,10,0,4225
1948,1,7.710043,3.065118,12.927166,NaN,6.557623,6.882511,11,0,4514
1953,1,9.822925,1.950801,14.641731,NaN,7.670544,6.775409,11,0,4802
1958,1,5.143619,0.736379,14.526633,NaN,7.606825,6.799194,11,0,4848
1963,1,9.997566,1.553938,14.352989,NaN,7.498228,6.747703,11,0,4867
1968,0,0,0.843526,14.087949,NaN,7.309174,5.877385,11,0,4579
1973,1,12.752874,1.845135,14.084089,NaN,7.409673,6.033753,10,0,4623
1978,1,10.416913,2.843692,12.927292,NaN,6.642629,6.59409,11,0,4874
1983,1,10.593543,0.939516,12.437617,NaN,6.320245,10.003146,12,0,5178
1988,1,7.594413,0.843895,12.378606,NaN,6.267118,10.511039,12,0,5165
1993,1,10.672778,1.055043,12.074027,NaN,6.095354,10.673858,12,0,5184
1998,0,0,0.503176,11.939758,NaN,6.020471,10.725551,12,0,5148
2003,1,6.673562,3.237495,12.756182,NaN,6.467581,7.556388,11,0,4831
2008,1,15.208472,2.089696,13.12202,NaN,6.72852,6.901983,11,0,4893
2013,1,9.769337,1.819057,13.736584,NaN,7.075932,7.357531,11,0,4873
2018,1,8.47304,1.044834,14.768636,NaN,7.65566,7.552106,10,0,4538
2023,1,11.878101,1.695831,15.107034,NaN,7.843188,7.725943,10,0,4504
2028,1,12.5791,3.542783,15.478587,NaN,8.053626,7.918068,10,0,4533
2033,1,11.287585,2.564918,15.431422,NaN,7.959117,10.311873,11,0,4765
2038,0,0,0.572406,15.327433,NaN,7.907152,10.223915,11,0,4814
2043,0,0,0.495312,15.246098,NaN,7.869376,10.120936,11,0,4820
2048,0,0,1.736601,15.231027,NaN,7.903861,9.262181,11,0,4872
2053,0,0,1.209773,15.3147,NaN,7.955931,9.249801,11,0,4873
2058,0,0,0.520874,15.34884,NaN,7.975913,9.273783,11,0,4815
2063,0,0,0.441524,15.215746,NaN,7.903174,9.150552,11,0,4793
2068,1,10.321862,1.123963,14.99964,NaN,7.809352,8.88063,11,0,4733
2073,1,10.813321,1.156112,15.355572,NaN,8.017504,9.132425,11,0,4651
2078,1,13.089014,1.933429,15.74678,NaN,8.226297,9.509967,11,0,4674
2083,1,5.683819,0.616048,15.716518,NaN,8.123377,7.355769,12,0,4630
2088,0,0,0.308502,15.789465,NaN,8.162449,7.393355,12,0,4642
2093,0,0,0.451927,16.312495,NaN,8.531671,10.098449,11,0,4624
2098,1,7.866396,0.900732,15.527071,NaN,8.033887,7.147489,12,0,4615
2103,1,7.914764,1.254338,15.775642,NaN,8.269267,9.303229,11,0,4651
2108,0,0,0.618966,15.875572,NaN,8.324653,9.294344,11,0,4640
2113,1,6.965892,0.716714,15.31242,NaN,7.921683,6.871651,12,0,4686
2118,1,5.844516,0.638019,15.073282,NaN,7.787673,6.745329,12,0,4651
2123,1,5.201789,0.628041,14.880783,NaN,7.682555,6.648719,12,0,4620
2128,1,5.113211,1.032819,14.744426,NaN,7.604716,6.630498,12,0,4627
2133,1,10.571059,1.059651,14.377414,NaN,7.397621,6.538747,12,0,4569
2138,1,14.879672,1.358296,14.031908,NaN,7.192844,6.534464,12,0,4593
2143,1,11.053932,1.031033,14.252836,NaN,7.37992,7.82016,11,0,4599
2148,1,8.422882,0.820032,13.415805,NaN,6.831468,6.241945,12,0,4599
2153,0,0,0.886352,13.238575,NaN,6.731885,6.159065,12,0,4599
2158,0,0,0.366135,13.203294,NaN,6.714248,6.142243,12,0,4607
2163,0,0,0.158739,13.205737,NaN,6.717096,6.132713,12,0,4593
2168,0,0,0.334858,13.856009,NaN,7.15011,7.386524,11,0,4610
2173,1,10.678544,1.014566,13.660941,NaN,7.044667,7.137404,11,0,4585
2178,1,12.822101,1.88724,12.512654,NaN,6.341739,5.758772,12,0,4578
2183,0,0,0.342256,12.49166,NaN,6.325073,5.754212,12,0,4580
2188,0,0,0.370145,13.206833,NaN,6.790062,6.483271,11,0,4571
2193,0,0,0.332325,12.666724,NaN,6.413002,5.83345,12,0,4580
2198,0,0,0.471819,13.256357,NaN,6.815946,6.493759,11,0,4591
2203,1,7.469101,1.271218,13.152283,NaN,6.763533,6.373494,11,0,4557
2208,1,16.368722,1.362387,13.012818,NaN,6.722852,5.941166,11,0,4556
2213,1,16.478301,1.435739,13.32734,NaN,6.928635,5.957661,11,0,4562
2218,1,10.909134,1.026395,13.214684,NaN,6.797646,5.275226,12,0,4633
2223,1,5.859274,0.644151,13.24736,NaN,6.82014,5.259947,12,0,4612
2228,1,15.969711,2.103129,13.521541,NaN,6.989967,5.144825,12,0,4590
2233,1,10.432175,0.925789,13.988343,NaN,7.265482,5.118668,12,0,4619
2238,0,0,0.342919,10.908264,NaN,5.454132,5.055737,13,0,4591
2243,0,0,0.388689,11.025301,NaN,5.51265,5.098102,13,0,4603
2248,0,0,0.305129,11.0928,NaN,5.5464,5.137892,13,0,4616
2253,1,11.41737,1.826947,15.45533,NaN,8.087126,5.39899,12,0,4610
2258,0,0,0.331803,15.715868,NaN,8.237106,5.427002,12,0,4606
2263,0,0,0.442589,16.428709,NaN,8.729084,7.588153,11,0,4608
2268,0,0,0.419517,15.896563,NaN,8.335995,5.493952,12,0,4589
2273,0,0,0.542516,15.78574,NaN,8.275005,5.467122,12,0,4616
2278,1,6.898078,1.393095,15.894601,NaN,8.342778,5.444612,12,0,4613
2283,0,0,0.496822,16.016998,NaN,8.412549,5.471169,12,0,4620
2288,1,8.483526,0.926949,15.961564,NaN,8.380152,5.484579,12,0,4682
2293,1,8.634168,0.965183,15.76357,NaN,8.265092,5.500362,12,0,4665
2298,0,0,0.779138,15.573628,NaN,8.162384,5.449692,12,0,4635
2303,1,6.752915,1.320554,15.938217,NaN,8.444297,7.513963,11,0,4638
2308,1,5.757936,0.932289,15.687478,NaN,8.300326,7.379776,11,0,4632
2313,1,9.367602,0.994267,15.165601,NaN,8.001203,7.113179,11,0,4616
2318,0,0,0.710466,14.92615,NaN,7.850508,7.015619,11,0,4652
2323,1,9.313326,0.92049,14.840364,NaN,7.800946,7.001285,11,0,4641
2328,1,9.890581,1.421995,14.67742,NaN,7.715762,6.965085,11,0,4648
2333,1,5.888883,0.583961,11.22417,NaN,5.660836,10.05415,12,0,4658
2338,0,0,0.526484,11.035087,NaN,5.565382,9.886976,12,0,4653
2343,0,0,0.48103,11.047265,NaN,5.572658,9.870646,12,0,4630
2348,1,10.979589,0.957757,11.122249,NaN,5.611671,9.909132,12,0,4605
2353,1,6.827986,1.328442,13.83675,NaN,7.261983,6.490234,11,0,4585
2358,0,0,1.049448,14.07911,NaN,7.492119,5.86884,10,0,4362
2363,1,5.211931,0.807081,13.954745,NaN,7.427421,5.845296,10,0,4373
2368,1,8.748309,0.970953,13.608777,NaN,7.22899,5.801775,10,0,4399
2373,1,9.272624,1.12294,13.198876,NaN,6.992433,5.738997,10,0,4386
2378,2,7.414352,1.717701,12.598201,59.152001,6.662511,5.584361,10,0,4357
2383,1,12.923635,1.204272,12.100905,NaN,6.400732,5.405568,10,0,4378
2388,2,6.864896,1.180703,11.679583,56.937424,6.173525,5.282595,10,0,4361
2393,2,8.803046,1.375827,11.348025,59.220937,5.972163,5.207627,10,0,4373
2398,2,8.346192,1.334564,10.887109,61.296047,5.691694,4.94592,10,0,4398
2403,2,7.558958,1.556703,10.219599,58.825678,5.236152,4.628049,11,0,4363
2408,2,9.77493,1.554777,10.308891,55.578941,5.30848,4.671584,11,0,4371
2413,2,11.484798,1.750715,10.562211,51.195772,5.475336,4.776472,11,0,4395
2418,2,12.261543,1.907519,10.462733,47.037687,5.446399,4.727106,11,0,4373
2423,2,11.726315,1.838312,10.573556,42.823206,5.532797,4.738383,11,0,4373
2428,2,9.126635,2.040933,11.196602,38.747178,5.992114,5.021068,10,0,4378
2433,1,14.191957,2.42537,11.836719,NaN,6.331843,5.380622,10,0,4363
2438,1,9.735127,0.954397,12.436528,NaN,6.655822,5.657037,10,0,4394
2443,0,0,1.30105,7.297426,NaN,3.687631,6.363392,12,0,4620
2448,0,0,0.247135,7.32557,NaN,3.702944,3.465196,12,0,4370
2453,1,6.648903,1.292076,12.999718,NaN,6.93339,6.213828,10,0,4401
2458,1,9.983137,1.048876,13.214664,NaN,7.046045,6.314922,10,0,4390
2463,2,9.140534,1.521704,13.499022,46.812583,7.195104,6.471738,10,0,4375
2468,1,6.581579,0.584547,7.272818,NaN,3.741652,3.380383,11,0,4372
2473,1,9.530556,0.852283,6.882053,NaN,3.546104,3.178433,11,0,4362
2478,2,9.950876,2.135326,13.608451,51.392508,7.228866,6.464056,10,0,4334
2483,2,11.95469,1.887706,14.422297,55.548486,7.64684,6.868907,10,0,4336
2488,1,5.641778,0.87383,14.19316,NaN,7.403909,6.760747,11,0,4364
2493,0,0,0.405087,6.402278,NaN,3.23981,2.972894,12,0,4356
2498,1,8.518253,0.817348,6.157521,NaN,3.117146,2.871963,12,0,4358
2503,2,14.861387,2.622472,15.087355,70.908348,7.807976,7.174753,11,0,4374
2508,2,14.193936,2.119465,15.42611,77.321766,7.952267,7.32102,11,0,4376
2513,1,10.536108,1.322209,15.799344,NaN,8.240967,7.479581,10,0,4394
2518,1,18.431454,1.836977,15.276565,NaN,7.982778,7.11364,10,0,4396
2523,1,12.574021,1.163221,4.059514,NaN,2.152114,1.631205,11,0,4395
2528,1,16.371551,1.774787,3.187223,NaN,1.634519,1.258189,12,0,4400
2533,1,18.550763,1.601881,3.977272,NaN,2.122854,1.432202,11,0,4412
2538,1,17.35344,1.653924,4.707226,NaN,2.494881,1.713041,11,0,4415
2543,0,0,1.509964,4.930903,NaN,2.618261,1.625,11,0,4391
2548,1,16.731427,3.839402,3.607679,NaN,1.80384,Inf,13,0,4874
2553,1,9.89431,1.767318,13.671052,NaN,7.30866,5.038779,10,0,4369
2558,1,6.655731,1.836064,12.649728,NaN,6.569933,6.768072,12,0,4944
2563,1,13.957198,1.212644,12.140235,NaN,6.277679,7.158756,12,0,4960
2568,0,0,0.466204,11.828736,NaN,6.097083,7.443575,12,0,4940
2573,0,0,1.966644,12.760303,NaN,6.760239,4.788394,10,0,4355
2578,1,5.394774,1.546311,12.464255,NaN,6.486004,5.955469,11,0,4599
2583,0,0,0.401018,12.537395,NaN,6.517396,6.092799,11,0,4589
2588,1,5.400125,0.583458,12.587433,NaN,6.526819,6.310648,11,0,4603
2593,0,0,1.096355,11.914989,NaN,6.143997,7.43893,12,0,4924
2598,0,0,2.191353,11.919545,NaN,6.146266,7.443697,12,0,4937
2603,0,0,2.283968,13.019596,NaN,6.831578,5.52543,10,0,4348
2608,0,0,2.37781,12.64822,NaN,6.550459,6.453086,11,0,4594
2613,0,0,1.229123,12.249993,NaN,6.372539,5.808131,11,0,4689
2618,1,8.076574,0.763096,11.842934,NaN,6.089451,7.811317,12,0,4862
2623,0,0,1.242596,11.780822,NaN,6.047757,8.004521,12,0,4852
2628,0,0,1.821718,11.834574,NaN,6.075104,8.046977,12,0,4845
2633,0,0,1.491499,12.3393,NaN,6.403078,6.068766,11,0,4603
2638,1,11.949282,1.378535,12.666227,NaN,6.579392,6.425185,11,0,4623
2643,1,6.109574,1.733253,12.669672,NaN,6.532147,7.934214,12,0,4845
2648,1,6.464878,1.02376,12.804558,NaN,6.610292,7.812232,12,0,4867
2653,0,0,1.920813,13.04142,NaN,6.751274,7.507876,12,0,4822
2658,1,8.468955,0.793584,13.080816,NaN,6.765073,7.688864,12,0,4818
2663,1,11.720921,1.41477,13.462115,NaN,6.95612,8.060616,12,0,4862
2668,1,14.343813,1.507278,13.814352,NaN,7.180832,7.878391,11,0,4610
2673,1,15.817507,1.753513,13.348691,NaN,6.842132,9.3218,12,0,4823
2678,1,14.782962,2.991223,13.529308,NaN,6.964238,7.977173,11,0,4595
2683,1,10.171479,1.268679,12.902571,NaN,6.552888,10.464107,12,0,4864
2688,1,5.464756,1.350311,12.908407,NaN,6.553853,10.516804,12,0,4862
2693,1,11.024452,1.667296,12.972678,NaN,6.627646,7.423242,11,0,4625
2698,1,14.176473,1.198559,12.45483,NaN,6.362848,6.872217,11,0,4601
2703,1,15.704257,2.6423,11.746174,NaN,5.993839,6.1279,11,0,4607
2708,1,16.866276,1.716923,11.185107,NaN,5.722585,5.386656,11,0,4654
2713,1,6.776414,1.361863,11.049443,NaN,5.655022,5.164092,11,0,4639
2718,1,14.824313,2.743516,10.904687,NaN,5.547131,8.629787,12,0,4903
2723,0,0,2.071107,11.127427,NaN,5.684542,8.227537,12,0,4873
2728,0,0,2.155348,11.113205,NaN,5.676102,8.245203,12,0,4866
2733,0,0,0.263732,11.509747,NaN,5.941609,5.337421,11,0,4629
2738,0,0,0.967809,11.519058,NaN,5.94701,5.341194,11,0,4604
2743,0,0,1.779449,11.106954,NaN,5.672077,8.260538,12,0,4859
2748,0,0,1.558909,11.154003,NaN,5.698978,8.226565,12,0,4847
2753,0,0,2.270197,11.279026,NaN,5.772909,8.077525,12,0,4884
2758,1,8.011561,1.476998,11.787046,NaN,6.102779,5.50642,11,0,4662
2763,1,9.081239,2.068425,11.734776,NaN,6.029568,7.842456,12,0,4856
2768,1,9.632141,2.059226,12.385851,NaN,6.452383,5.897683,11,0,4647
2773,1,6.952243,2.385007,12.538651,NaN,6.541477,6.001538,11,0,4672
2778,1,5.965883,1.389065,12.77474,NaN,6.675219,6.196078,11,0,4616
2783,1,5.547688,0.55239,12.95414,NaN,6.775047,6.360477,11,0,4622
2788,1,7.275859,0.737783,13.240381,NaN,6.939042,6.579391,11,0,4639
2793,0,0,0.794283,13.266335,NaN,6.955494,6.585468,11,0,4662
2798,1,8.328674,1.201865,13.126313,NaN,6.870225,6.5223,11,0,4657
2803,1,16.525517,2.580717,12.977922,NaN,6.76285,6.622465,11,0,4684
2808,1,12.652866,2.142755,14.060858,NaN,7.410818,6.243123,10,0,4320
2813,1,5.411778,0.63849,14.417796,NaN,7.621635,6.35055,10,0,4321
2818,1,6.972717,0.696473,14.397904,NaN,7.616475,6.240817,10,0,4314
2823,1,9.627374,2.340747,14.307328,NaN,7.578,5.988251,10,0,4342
2828,1,13.585061,3.104109,13.056927,NaN,6.782205,6.967139,12,0,4908
2833,1,12.861351,4.547738,13.605586,NaN,7.214405,5.305086,10,0,4356
2838,0,0,1.826583,13.079077,NaN,6.834588,6.463237,11,0,4579
2843,1,10.201594,1.362111,13.106421,NaN,6.923511,5.228083,10,0,4377
2848,1,7.741811,1.705733,12.482294,NaN,6.482668,6.065895,11,0,4605
2853,1,7.587672,1.897503,12.400311,NaN,6.43908,5.914303,11,0,4585
2858,1,6.692376,0.84132,12.256417,NaN,6.365172,5.682933,11,0,4618
2863,0,0,1.69871,11.694109,NaN,5.986587,8.345319,12,0,4822
2868,1,8.116074,1.01457,11.982317,NaN,6.212114,5.52186,11,0,4608
2873,2,7.164409,1.169136,11.672664,7.951199,6.032111,5.508335,11,0,4619
2878,1,6.655294,2.11413,11.425959,NaN,5.878587,5.594866,11,0,4609
2883,0,0,0.337198,11.447805,NaN,5.884134,5.645045,11,0,4589
2888,0,0,0.356929,11.43578,NaN,5.878065,5.613465,11,0,4589
2893,0,0,0.516171,11.282181,NaN,5.794551,5.45576,11,0,4577
2898,0,0,0.386329,11.213975,NaN,5.765457,5.298059,11,0,4602
2903,1,5.933508,1.443849,11.179815,NaN,5.759504,5.121803,11,0,4573
2908,1,6.535758,0.664497,11.207036,NaN,5.792313,4.930003,11,0,4567
2913,0,0,0.475637,11.476912,NaN,5.95579,5.006243,11,0,4517
2918,0,0,0.221827,11.518605,NaN,5.98248,4.99482,11,0,4560
2923,0,0,0.199603,11.511288,NaN,5.979102,4.969267,11,0,4533
2928,0,0,1.583479,11.538701,NaN,5.990866,5.049076,11,0,4542
2933,0,0,0.307385,11.546419,NaN,5.989096,5.147059,11,0,4551
2938,0,0,0.221766,11.505663,NaN,5.963705,5.142211,11,0,4549
2943,0,0,0.317133,11.527928,NaN,5.978512,5.119823,11,0,4542
2948,0,0,0.398457,11.597541,NaN,6.015812,5.218227,11,0,4531
2953,0,0,1.732149,11.558724,NaN,5.983806,5.333522,11,0,4540
2958,1,7.20827,0.651366,11.53176,NaN,5.951171,5.512328,11,0,4555
2963,1,6.270566,0.587361,11.379227,NaN,5.847834,5.514199,11,0,4534
2968,0,0,0.734111,11.305674,NaN,5.802876,5.483118,11,0,4520
2973,1,9.174838,1.147477,11.444763,NaN,5.871372,5.678284,11,0,4516
2978,1,9.681764,2.175035,11.795952,NaN,6.036914,6.18856,11,0,4480
2983,1,5.436914,0.548672,12.108748,NaN,6.193918,6.56401,11,0,4466
2988,0,0,0.305413,12.187677,NaN,6.231175,6.668715,11,0,4466
2993,0,0,0.378448,12.251891,NaN,6.268306,6.71342,11,0,4488
2998,0,0,0.430935,12.358387,NaN,6.318382,6.837804,11,0,4520
